precision,recall,f_measure,accuracy
0.7575757575757576,0.8928571428571429,0.819672131147541,0.78
